{
    "mVertexPoints": [
        -0.696594,
        -0.0,
        -1.0,
        -0.0,
        0.0,
        1.0,
        0.0,
        0.696594,
        -1.0,
        0.0,
        0.696594,
        -1.0,
        -0.0,
        0.0,
        1.0,
        0.696594,
        -0.0,
        -1.0,
        0.0,
        0.696594,
        -1.0,
        0.0,
        -0.696594,
        -1.0,
        -0.696594,
        -0.0,
        -1.0,
        0.696594,
        -0.0,
        -1.0,
        -0.0,
        0.0,
        1.0,
        0.0,
        -0.696594,
        -1.0,
        0.0,
        -0.696594,
        -1.0,
        -0.0,
        0.0,
        1.0,
        -0.696594,
        -0.0,
        -1.0,
        0.0,
        0.696594,
        -1.0,
        0.696594,
        -0.0,
        -1.0,
        0.0,
        -0.696594,
        -1.0
    ],
    "mTextureCoords": [
        0.25,
        0.49,
        0.25,
        0.25,
        0.49,
        0.25,
        0.49,
        0.25,
        0.25,
        0.25,
        0.25,
        0.01,
        0.99,
        0.25,
        0.51,
        0.25,
        0.75,
        0.49,
        0.25,
        0.01,
        0.25,
        0.25,
        0.01,
        0.25,
        0.01,
        0.25,
        0.25,
        0.25,
        0.25,
        0.49,
        0.99,
        0.25,
        0.75,
        0.01,
        0.51,
        0.25
    ],
    "mVertexNormals": [
        -0.6866,
        0.6866,
        0.2391,
        -0.6866,
        0.6866,
        0.2391,
        -0.6866,
        0.6866,
        0.2391,
        0.6866,
        0.6866,
        0.2391,
        0.6866,
        0.6866,
        0.2391,
        0.6866,
        0.6866,
        0.2391,
        -0.0,
        -0.0,
        -1.0,
        -0.0,
        -0.0,
        -1.0,
        -0.0,
        -0.0,
        -1.0,
        0.6866,
        -0.6866,
        0.2391,
        0.6866,
        -0.6866,
        0.2391,
        0.6866,
        -0.6866,
        0.2391,
        -0.6866,
        -0.6866,
        0.2391,
        -0.6866,
        -0.6866,
        0.2391,
        -0.6866,
        -0.6866,
        0.2391,
        -0.0,
        -0.0,
        -1.0,
        -0.0,
        -0.0,
        -1.0,
        -0.0,
        -0.0,
        -1.0
    ]
}