{
    "mVertexPoints": [
        0.0,
        -0.347217,
        -1.0,
        0.0,
        -0.0,
        1.0,
        -0.696594,
        0.0,
        -1.0,
        -0.696594,
        0.0,
        -1.0,
        0.0,
        -0.0,
        1.0,
        0.0,
        0.347217,
        -1.0,
        -0.696594,
        0.0,
        -1.0,
        0.696594,
        0.0,
        -1.0,
        0.0,
        -0.347217,
        -1.0,
        0.0,
        0.347217,
        -1.0,
        0.0,
        -0.0,
        1.0,
        0.696594,
        0.0,
        -1.0,
        0.696594,
        0.0,
        -1.0,
        0.0,
        -0.0,
        1.0,
        0.0,
        -0.347217,
        -1.0,
        -0.696594,
        0.0,
        -1.0,
        0.0,
        0.347217,
        -1.0,
        0.696594,
        0.0,
        -1.0
    ],
    "mTextureCoords": [
        0.25,
        0.49,
        0.25,
        0.25,
        0.49,
        0.25,
        0.49,
        0.25,
        0.25,
        0.25,
        0.25,
        0.01,
        0.99,
        0.25,
        0.51,
        0.25,
        0.75,
        0.49,
        0.25,
        0.01,
        0.25,
        0.25,
        0.01,
        0.25,
        0.01,
        0.25,
        0.25,
        0.25,
        0.25,
        0.49,
        0.99,
        0.25,
        0.75,
        0.01,
        0.51,
        0.25
    ],
    "mVertexNormals": [
        -0.4408,
        -0.8844,
        0.1535,
        -0.4408,
        -0.8844,
        0.1535,
        -0.4408,
        -0.8844,
        0.1535,
        -0.4408,
        0.8844,
        0.1535,
        -0.4408,
        0.8844,
        0.1535,
        -0.4408,
        0.8844,
        0.1535,
        -0.0,
        -0.0,
        -1.0,
        -0.0,
        -0.0,
        -1.0,
        -0.0,
        -0.0,
        -1.0,
        0.4408,
        0.8844,
        0.1535,
        0.4408,
        0.8844,
        0.1535,
        0.4408,
        0.8844,
        0.1535,
        0.4408,
        -0.8844,
        0.1535,
        0.4408,
        -0.8844,
        0.1535,
        0.4408,
        -0.8844,
        0.1535,
        -0.0,
        -0.0,
        -1.0,
        -0.0,
        -0.0,
        -1.0,
        -0.0,
        -0.0,
        -1.0
    ]
}