{
    "mVertexPoints": [
        0.70285,
        0.711338,
        -1.0,
        -0.0,
        0.0,
        1.0,
        0.711338,
        -0.70285,
        -1.0,
        0.711338,
        -0.70285,
        -1.0,
        -0.0,
        0.0,
        1.0,
        -0.70285,
        -0.711338,
        -1.0,
        0.70285,
        0.711338,
        -1.0,
        0.711338,
        -0.70285,
        -1.0,
        -0.70285,
        -0.711338,
        -1.0,
        -0.711338,
        0.70285,
        -1.0,
        -0.70285,
        -0.711338,
        -1.0,
        -0.0,
        0.0,
        1.0,
        -0.711338,
        0.70285,
        -1.0,
        -0.711338,
        0.70285,
        -1.0,
        -0.0,
        0.0,
        1.0,
        0.70285,
        0.711338,
        -1.0
    ],
    "mTextureCoords": [
        0.25,
        0.49,
        0.25,
        0.25,
        0.49,
        0.25,
        0.49,
        0.25,
        0.25,
        0.25,
        0.25,
        0.01,
        0.75,
        0.49,
        0.99,
        0.25,
        0.75,
        0.01,
        0.51,
        0.25,
        0.25,
        0.01,
        0.25,
        0.25,
        0.01,
        0.25,
        0.01,
        0.25,
        0.25,
        0.25,
        0.25,
        0.49
    ],
    "mVertexNormals": [
        0.9428,
        0.0057,
        0.3333,
        0.9428,
        0.0057,
        0.3333,
        0.9428,
        0.0057,
        0.3333,
        0.0057,
        -0.9428,
        0.3333,
        0.0057,
        -0.9428,
        0.3333,
        0.0057,
        -0.9428,
        0.3333,
        -0.0,
        -0.0,
        -1.0,
        -0.0,
        -0.0,
        -1.0,
        -0.0,
        -0.0,
        -1.0,
        -0.0,
        -0.0,
        -1.0,
        -0.9428,
        -0.0057,
        0.3333,
        -0.9428,
        -0.0057,
        0.3333,
        -0.9428,
        -0.0057,
        0.3333,
        -0.0057,
        0.9428,
        0.3333,
        -0.0057,
        0.9428,
        0.3333,
        -0.0057,
        0.9428,
        0.3333
    ]
}